ID,Cfset_ID,Form_ID,Source
2976-1-1,2976-1,8-thing-1,
2976-1-2,2976-1,uraustronesisch-possession-1,
2978-1-1,2978-1,protooceanic-movecreepflowspill-1,ross1988
2978-1-2,2978-1,12-shallowswimclosetothesurface-1,
2978-1-3,2978-1,12-arriveataplacewashup-1,
2979-1-1,2979-1,10-whowhichthatyonder-1,
2982-1-1,2982-1,11-carryontheshoulder-1,
2982-1-2,2982-1,11-carrysomethingontheshoulderswithapole-1,
2982-1-3,2982-1,2-carryunderthearm-1,
2983-1-1,2983-1,10-swim-1,
2983-1-2,2983-1,45-swim-1,
2986-1-1,2986-1,17-carrytuckedunderonearm-1,
2986-1-2,2986-1,3-carryunderthearm-1,
2986-2-1,2986-2,protoeasternoceanic-armpit-1,
2985-1-1,2985-1,17-towasaboatpulldraw-1,
2985-1-2,2985-1,17-towsomething-1,
2985-1-3,2985-1,10-totow-1,
2985-1-4,2985-1,10-totowdragsomething-1,
2985-1-5,2985-1,10-atowing-1,
2991-1-1,2991-1,17-steerdirectlyfor-1,
2992-1-1,2992-1,protoeasternoceanic-path-1,geraghty1983
2992-1-2,2992-1,protooceanic-path-1,ross1988
2992-1-3,2992-1,8-pathroad-1,
2992-1-4,2992-1,protopolynesian-pathroad-1,pollex[hala]
2992-1-5,2992-1,44-pathroad-1,
2992-1-6,2992-1,3-away-1,
2992-1-7,2992-1,14-waypath-1,
2992-1-8,2992-1,2-pathroad-1,
2992-1-9,2992-1,12-pathroad-1,
2992-1-10,2992-1,protokimbe-pathroad-1,
2992-1-11,2992-1,protoaustronesian-pathroad-1,
2993-1-1,2993-1,17-provisionsstorehouse-1,
2993-1-2,2993-1,17-fishcaughtbyencircling-1,
2994-1-1,2994-1,33-longtall-1,
2994-1-2,2994-1,11-longtall-1,
2994-1-3,2994-1,11-verylongortall-1,
2996-1-1,2996-1,8-dirge-1,
2996-1-2,2996-1,2-callonaghost-1,
2996-1-3,2996-1,12-makerustlingnoises-1,
2996-2-1,2996-2,3-tosingasong-1,
2996-2-2,2996-2,3-tosingsomething-1,
2997-1-1,2997-1,44-tosurround-1,
2997-1-2,2997-1,44-around-1,
2997-1-3,2997-1,14-roundaround-1,
2997-1-4,2997-1,12-circleroundaround-1,
3001-1-1,3001-1,14-toprepareclearapathsweep-1,
3002-1-1,3002-1,11-rawuncooked-1,
3002-2-1,3002-2,protooceanic-undercookedraw-1,ross1988
3002-2-2,3002-2,protopolynesian-undercookedraw-1,pollex[mata.2]
3002-2-3,3002-2,12-undercookedraw-1,
3002-2-4,3002-2,uraustronesisch-undercookedraw-1,
3003-1-1,3003-1,8-usefulvaluablenecessary-1,
3007-1-1,3007-1,uraustronesisch-godspirit-2,
3007-1-2,3007-1,protopolynesian-godspirit-1,pollex[qaitu]
3008-1-1,3008-1,uraustronesisch-island-1,
3012-1-1,3012-1,13-yellowfacepaint-1,
3012-2-1,3012-2,44-yellow-1,
3012-2-2,3012-2,44-wildginger-1,
3012-2-3,3012-2,12-atreewithsweetsmellingyellowflowers-1,
3013-1-1,3013-1,protoeasternoceanic-fence-1,geraghty1990
3017-1-1,3017-1,17-coconutmilk-1,
3017-1-2,3017-1,11-coconutmilk-1,
3018-1-1,3018-1,3-adugchannel-1,
3020-1-1,3020-1,11-akindoffish-4,
3020-1-2,3020-1,51-ashark-1,
3021-1-1,3021-1,16-todismantleanearthoven-2,
3021-1-2,3021-1,16-todismantleanearthoven-1,
3022-1-1,3022-1,protoeasternoceanic-gallbladdergall-1,
3022-1-2,3022-1,51-gallbladder-1,
3022-1-3,3022-1,19-gallbladder-1,
3022-1-4,3022-1,2-beangry-1,
3022-1-5,3022-1,2-bellyheartmind-1,
3026-1-1,3026-1,10-customwaymanner-1,
3027-1-1,3027-1,12-smoke-1,
3029-1-1,3029-1,44-riseupclearofthemoon-1,
3044-1-1,3044-1,10-tospreadaboutasanodor-1,
3047-1-1,3047-1,44-forehead-1,
3047-1-2,3047-1,14-forehead-1,
3047-1-3,3047-1,2-forehead-1,
3047-1-4,3047-1,12-forehead-1,
3047-2-1,3047-2,protooceanic-forehead-1,ross1988
3048-1-1,3048-1,8-tolaplick-1,
3049-1-1,3049-1,12-freshwater-1,
3050-1-1,3050-1,44-toriseofthemoon-1,
3052-1-1,3052-1,56-memberof-1,
3052-2-1,3052-2,protoeasternoceanic-matepartner-1,geraghty1983
3052-2-2,3052-2,protopolynesian-friend-1,pollex[soa]
3052-2-3,3052-2,2-friend-1,
3054-1-1,3054-1,11-trunkof-1,
3056-1-1,3056-1,17-widebroad-1,
3056-1-2,3056-1,protokimbe-far-1,
3056-1-3,3056-1,protomalayopolynesian-widewidth-1,dyen1953
3058-1-1,3058-1,10-sulky-1,
3060-1-1,3060-1,8-ashrubnothopanaxfruiticosum-1,
3066-1-1,3066-1,10-small-1,
3068-1-1,3068-1,10-ridgeatthesideofaplankcausedbyitshavingagreaterthicknessthantheadjoiningplank-1,
3068-1-2,3068-1,10-bethickerthantheadjoiningplank-1,
3073-1-1,3073-1,3-fishnet-1,
3073-1-2,3073-1,2-smallhandnet-1,
3075-1-1,3075-1,17-bepossessedbyevilspirittopossess-1,
3075-1-2,3075-1,11-holdcatch-1,
3077-1-1,3077-1,uraustronesisch-bone-1,
3078-1-1,3078-1,11-heshe-1,
3080-1-1,3080-1,13-here-1,
3082-1-1,3082-1,51-matsgiventoabride-1,
3082-1-2,3082-1,44-tospreadoversomething-1,
3082-1-3,3082-1,2-tospreadasnews-1,
3082-1-4,3082-1,2-toextendoverspreadsomething-1,
3082-1-5,3082-1,12-sleepingmat-1,
3082-1-6,3082-1,12-spreadouttarodoughforpudding-1,
3082-1-7,3082-1,protoeasternoceanic-sleepingmat-1,geraghty1983
3084-1-1,3084-1,14-dowithhelp-1,
3084-1-2,3084-1,3-prefofreciprocity-1,
3084-1-3,3084-1,2-mutualaction-1,
3084-1-4,3084-1,12-forwithtohim-1,
3084-1-5,3084-1,12-forit-1,
3084-2-1,3084-2,protoeasternoceanic-reciprocalaction-1,geraghty1990
3085-1-1,3085-1,protopolynesian-where-1,pollex[f√©a]
3085-2-1,3085-2,8-where-1,
3085-2-2,3085-2,44-where-1,
3085-2-3,3085-2,3-where-1,
3085-2-4,3085-2,14-where-1,
3085-2-5,3085-2,2-where-1,
3085-2-6,3085-2,12-where-1,
3085-2-7,3085-2,13-where-1,
3086-1-1,3086-1,protoeasternoceanic-undersideunder-1,
3086-1-2,3086-1,44-downside-1,
3086-1-3,3086-1,44-belowunderside-1,
3086-1-4,3086-1,12-underunderneath-1,
3086-1-5,3086-1,protoaustronesian-underside-1,
3086-2-1,3086-2,protooceanic-thighlegstem-1,ross1988
3086-2-3,3086-2,8-footleg-1,
3086-2-4,3086-2,13-legfoot-1,
3086-2-5,3086-2,uraustronesisch-legstem-1,
3086-2-6,3086-2,14-underneath-1,
3088-1-1,3088-1,55-specialfoodincludingfishsetasideforachief-1,
3088-1-2,3088-1,38-specialfoodchiefsfood-1,
3089-1-1,3089-1,10-footlegwalk-1,
3093-1-1,3093-1,38-uncultivatedland-1,
3093-1-2,3093-1,46-uncultivatedland-1,
3094-1-1,3094-1,4-mantaray-1,
3094-1-2,3094-1,39-rayfishstingray-2,
3094-1-3,3094-1,55-rayfishstingray-1,
3094-1-4,3094-1,38-rayfishstingray-1,
3096-1-1,3096-1,protopolynesian-woman-1,pollex[fafine]
3096-1-2,3096-1,protooceanic-woman-1,ross1988
3096-1-3,3096-1,protooceanic-womanfemalesistermalespeaker-1,blustandtrussel201014
3097-1-1,3097-1,8-what-1,
3097-1-2,3097-1,3-what-1,
3097-1-3,3097-1,13-what-1,
3095-1-1,3095-1,protoeasternoceanic-reciprocalpluralaction-1,geraghty1990
3095-2-1,3095-2,protopolynesian-touchnosessmell-1,pollex[sogi]
3098-1-1,3098-1,protoeasternoceanic-evening-1,
3098-1-2,3098-1,protooceanic-evening-1,ross1988
3098-1-3,3098-1,44-evening-1,
3098-1-4,3098-1,protokimbe-evening-1,
3098-1-5,3098-1,protoaustronesian-eveningmeal-1,blustandtrussel201014
3101-1-1,3101-1,10-sitorstandinfrontofsomeoneignoreonewhowasonceafriend-1,
3103-1-1,3103-1,17-cultthattattooedandpracticedmagicwithunexplainedheavyl-1,
3105-1-1,3105-1,8-admonishharanguemakeaspeechpreach-1,
3105-1-2,3105-1,51-givestrictorsolemninstructionchargecommanddirectenjoin-1,
3105-1-3,3105-1,protopolynesian-deliberativeassembly-1,pollex[fono.2]
3105-1-4,3105-1,13-customs-1,
3108-1-1,3108-1,3-toeatvegetablefood-1,
3108-1-2,3108-1,2-tofeednourish-1,
3108-1-3,3108-1,12-toeatfood-1,
3108-1-4,3108-1,12-tofeed-1,
3111-1-1,3111-1,protopolynesian-blowthroughonesnose-1,pollex[fagu.2]
3111-2-1,3111-2,11-diseaseofthenosespeakthroughonesnose-1,
3113-1-1,3113-1,6-wakeup-1,
3113-1-2,3113-1,17-callbyname-1,
3116-1-1,3116-1,56-spongelungs-1,
3120-1-1,3120-1,14-givesuckto-1,
3120-2-1,3120-2,12-segmentsproutshootoff-1,
3122-1-1,3122-1,protooceanic-plantedtuber-1,ross1988
3122-2-1,3122-2,11-setuperect-1,
3122-2-2,3122-2,protomalayopolynesian-driveinasapost-1,blust1986[66]
3122-2-3,3122-2,protoaustronesian-driveinasapostnailorwedge-1,blustandtrussel201014
3126-1-1,3126-1,33-torespondtoanswer-1,
3127-1-1,3127-1,16-pandanuscud-1,
3128-1-1,3128-1,3-toplait-1,
3128-1-2,3128-1,14-toweaveplait-1,
3128-1-3,3128-1,12-weaveknitplait-1,
3128-1-4,3128-1,protooceanic-weave-1,ross1988
3129-1-1,3129-1,protoeasternoceanic-head-1,geraghty1983
3129-1-2,3129-1,44-head-1,
3129-1-3,3129-1,3-head-1,
3129-1-4,3129-1,14-head-1,
3129-1-5,3129-1,2-head-1,
3129-1-6,3129-1,12-head-1,
3131-1-1,3131-1,protonakanai-towrapbandagemedicate-1,
3131-1-2,3131-1,uraustronesisch-tiebind-1,
3133-1-1,3133-1,3-abovetop-1,
3136-1-1,3136-1,33-befecundspreadaboutsproutofcoconuts-1,
3136-1-2,3136-1,16-bespreadaround-1,
3138-1-1,3138-1,17-legendfolkloristicstory-1,
3140-1-1,3140-1,protomalayopolynesian-jerkspringupsuddenly-1,blust1980[55]
3140-1-2,3140-1,protomalayopolynesian-snarenoosetrapspringupsuddenlyjerkupasafishinglineornoosetrap-1,blustandtrussel201014
3140-1-3,3140-1,protooceanic-snarenoosetrapspringupsuddenlyjerkupasafishinglineornoosetrap-1,blustandtrussel201014
3143-1-1,3143-1,17-tobraidofhairorhandleofabasketplait-1,
3143-1-2,3143-1,17-braidsomething-1,
3143-1-3,3143-1,10-tobraidsomethingashairorrope-1,
3143-1-4,3143-1,11-braid-1,
3143-1-5,3143-1,11-braidsomething-1,
3143-2-1,3143-2,uraustronesisch-turntwist-1,
3143-2-2,3143-2,protoaustronesian-twistplait-1,blust1970[135]
3144-1-1,3144-1,protooceanic-howmany-2,ross1988
3145-1-1,3145-1,17-sexualintercourse-1,
3145-1-2,3145-1,17-havesexualintercoursewithsomeone-1,
3146-1-1,3146-1,44-bodyflesh-1,
3146-1-2,3146-1,2-flesh-1,
3146-1-3,3146-1,12-flesh-1,
3148-1-1,3148-1,33-toflash-1,
3148-1-2,3148-1,17-strikeamatch-1,
3149-1-1,3149-1,protopolynesian-star-1,pollex[fetuqu]
3149-1-2,3149-1,uraustronesisch-star-1,
3149-2-1,3149-2,44-star-1,
3149-2-2,3149-2,2-star-1,
3149-2-3,3149-2,12-star-1,
3156-1-1,3156-1,11-hesheitindependentpronoun-1,
3163-1-1,3163-1,protooceanic-tail-1,
3163-2-1,3163-2,44-tail-1,
3163-2-2,3163-2,12-tail-1,
3164-1-1,3164-1,uraustronesisch-vanishdisappear-1,
3168-1-1,3168-1,8-drink-1,
3167-1-1,3167-1,10-fibrousporousenvelopeatthebaseofthecoconutleaforfrond-1,
3167-2-1,3167-2,8-coconutcloth-1,
3169-1-1,3169-1,13-spineofthestingray-1,
3173-1-1,3173-1,uraustronesisch-stirmovefan-1,
3173-1-2,3173-1,13-gratecoconutrubsmooth-1,
3174-1-1,3174-1,44-tofan-1,
3174-1-2,3174-1,3-tofan-1,
3174-1-3,3174-1,14-tomoveasafantofan-1,
3174-1-4,3174-1,2-afantofan-1,
3174-1-5,3174-1,12-tofanaflame-1,
3176-1-1,3176-1,6-topullupordipwater-1,
3176-1-2,3176-1,7-topullupordipwater-1,
3176-2-1,3176-2,33-tofetchordrawliquids-1,
3176-2-2,3176-2,17-drawwater-1,
3176-2-3,3176-2,11-toscoop-1,
3176-2-4,3176-2,11-scoopsomething-1,
3176-2-5,3176-2,45-toladlescoop-1,
3176-2-6,3176-2,uraustronesisch-dipitupdipitoutscoopitup-1,
3176-3-1,3176-3,protoaustronesian-ladledipper-1,blust1980[78]
3177-1-1,3177-1,55-beerasedwipedouteffaced-1,
3178-1-1,3178-1,protoeasternoceanic-name-2,geraghty1983
3178-1-2,3178-1,protoaustronesian-name-1,blust1978
3181-1-1,3181-1,42-callophyllumtree-1,
3181-1-2,3181-1,8-calysacciontinctorumtree-1,
3181-1-3,3181-1,protomalayopolynesian-callophylluminophyllum-1,blust198485
3182-1-1,3182-1,17-handofbananasbunchofpandanuskeys-1,
3184-1-1,3184-1,10-rainbow-1,
3187-1-1,3187-1,8-weexclusive-2,
3187-2-1,3187-2,protooceanic-weexclusive-1,
3187-2-2,3187-2,44-weexclusive-1,
3187-2-3,3187-2,14-weexclusive-1,
3187-2-4,3187-2,3-weexclusive-1,
3187-2-5,3187-2,13-weexclusive-1,
3188-1-1,3188-1,33-beitchyfromsomething-1,
3191-1-1,3191-1,11-throw-1,
3193-1-1,3193-1,38-biteitofmeat-1,
3194-1-1,3194-1,8-besaid-1,
3194-1-2,3194-1,8-tosay-1,
3194-1-3,3194-1,8-somethingsaid-1,
3194-1-4,3194-1,51-tellinform-1,
3196-1-1,3196-1,3-befirmsteadyfaithful-1,
3200-1-1,3200-1,11-smartintelligentsharpquickwitted-1,
3201-1-1,3201-1,protoeasternoceanic-biteholdinteeth-1,geraghty1990
3201-2-1,3201-2,17-crumbledshatteredbrokeninbits-1,
3202-1-1,3202-1,uraustronesisch-torolltwist-1,
3203-1-1,3203-1,56-hibiscustreeloinclothoranyclothmadeofhibiscusbark-1,
3206-1-1,3206-1,protooceanic-youplural-1,
3206-1-2,3206-1,8-youplural-1,
3206-1-3,3206-1,44-youplural-1,
3206-1-4,3206-1,14-youplural-1,
3206-1-5,3206-1,3-youplural-1,
3206-1-6,3206-1,13-youplural-1,
3206-2-1,3206-2,33-youdual-1,
3206-2-2,3206-2,33-youplural-1,
3206-2-3,3206-2,16-youdual-1,
3206-2-4,3206-2,16-youplural-1,
3207-1-1,3207-1,44-forhimtoeat-1,
3207-1-2,3207-1,3-hisfoodtoeat-1,
3207-1-3,3207-1,uraustronesisch-foodeatsomething-1,
3209-1-1,3209-1,11-banyantree-1,
3213-1-1,3213-1,8-adherestickto-1,
3216-1-1,3216-1,uraustronesisch-toscrape-1,
3217-1-1,3217-1,17-crestedtern-1,
3217-1-2,3217-1,8-toscoldtocryofaparrottobarkofadog-1,
3217-1-3,3217-1,44-largegreenparrot-1,
3218-1-1,3218-1,4-benearclosekannikarni-1,
3218-1-2,3218-1,17-bewithaccompany-1,
3218-1-3,3218-1,42-benearbenearto-1,
3220-1-1,3220-1,protokimbe-toscrapescratch-1,
3220-1-2,3220-1,12-toscratch-1,
3221-1-1,3221-1,12-toracecompetewithkwaimutually-1,
3221-1-2,3221-1,12-tobestincompetitionoutdo-1,
3222-1-1,3222-1,10-makeagnawingsound-1,
3222-1-2,3222-1,10-grindtheteeth-1,
3222-2-1,3222-2,7-togrindsomethingwiththeteeth-1,
3223-1-1,3223-1,4-whitesandcrab-1,
3224-1-1,3224-1,4-afishepibulusinsidiator-1,
3225-1-1,3225-1,53-tosneeze-1,
3225-1-2,3225-1,2-tosneeze-2,
3227-1-1,3227-1,38-befunnyamusing-1,
3227-1-2,3227-1,16-astory-1,
3227-1-3,3227-1,8-scoldobjectrebuke-1,
3227-1-4,3227-1,13-tospeaklanguage-1,
3227-1-5,3227-1,protoaustronesian-speaklanguage-1,blust1970[129]
3227-1-6,3227-1,protoaustronesian-chatteringofmonkeys-1,blust1970[129]
3227-2-1,3227-2,3-toboast-1,
3229-1-1,3229-1,6-avoyagebycanoetosailacanoeorvoyagebycanoe-1,
3231-1-1,3231-1,33-tocalltosummon-1,
3231-2-1,3231-2,3-cryoutcall-1,
3232-1-1,3232-1,protoaustronesian-fishhookcatchwithhook-1,wolff1993
3238-1-1,3238-1,39-snapperfish-1,
3238-2-1,3238-2,protomalayopolynesian-milkfish-1,blust198485
3242-1-1,3242-1,33-lineageextendedfamilyclan-1,
3243-1-1,3243-1,56-treewoodshrubplant-1,
3244-1-1,3244-1,13-digwithashovel-1,
3247-1-1,3247-1,uraustronesisch-outriggerboom-1,
3249-1-1,3249-1,44-toplait-1,
3251-1-1,3251-1,4-pertainingtoshellfishorothermarinelife-1,
3252-1-1,3252-1,protoaustronesian-recognizeataglanceunderstand-1,wolff1993
3253-1-1,3253-1,6-bemarkedforlateruseorrecognition-1,
3253-1-2,3253-1,7-bemarkedforlateruseorrecognition-1,
3254-1-1,3254-1,56-giantclam-1,
3254-1-2,3254-1,21-typeoflargeclam-1,
3254-2-1,3254-2,17-closetightasaclam-1,
3254-2-2,3254-2,17-closeittight-1,
3257-1-1,3257-1,protooceanic-pinch-1,blust1978[59]
3260-1-1,3260-1,44-tofindfaultwithreject-1,
3264-1-1,3264-1,44-eatrawfood-1,
3265-1-1,3265-1,protoeasternoceanic-tocut-1,
3265-1-2,3265-1,protopolynesian-cutclip-1,pollex[koti.1]
3265-1-3,3265-1,2-cutofftopsoftaroforplanting-1,
3269-1-1,3269-1,8-haironthebuttocks-1,
3273-1-1,3273-1,8-goaground-1,
3275-1-1,3275-1,8-bivalveshell-1,
3275-1-2,3275-1,44-toscrapewithashellgettheskinoffyams-1,
3275-2-1,3275-2,protooceanic-scrape-1,ross1988[461]
3276-1-1,3276-1,8-tobite-1,
3277-1-1,3277-1,51-kindoffish-1,
3283-1-1,3283-1,10-toresound-1,
3283-1-2,3283-1,10-tobeatorthrobastheheart-1,
3284-1-1,3284-1,12-spoiledoffood-1,
3286-1-1,3286-1,17-pullbacktheforeskin-2,
3287-1-1,3287-1,4-tickling-1,
3287-1-2,3287-1,8-tickleunderthearmpits-1,
3292-1-1,3292-1,10-thestarregulus-1,benderetal1984
3294-1-1,3294-1,uraustronesisch-goproceedasdirectionalaway-1,
3295-1-1,3295-1,uraustronesisch-depthinside-1,
3296-1-1,3296-1,protoaustronesian-inside-1,blust1970[132]
3296-2-1,3296-2,17-ininside-1,
3296-2-2,3296-2,11-inside-1,
3296-2-3,3296-2,11-insideof-1,
3296-2-4,3296-2,14-in-1,
3296-2-5,3296-2,13-insideinteriorunderside-1,
3297-1-1,3297-1,17-beseasickdisgusted-1,
3297-1-2,3297-1,16-belonelyhomesick-1,
3298-1-1,3298-1,56-thoughtfeeling-1,
3299-1-1,3299-1,38-holecave-1,
3302-1-1,3302-1,56-fly-1,
3307-1-1,3307-1,8-jumpoutandattacksuddenly-1,
3308-1-1,3308-1,56-coconutshellcup-1,
3308-1-2,3308-1,56-skullcoconutshell-1,
3311-1-1,3311-1,3-tofeelcold-1,
3312-1-1,3312-1,10-thread-1,
3313-1-1,3313-1,8-gravelbelowsurfacesoil-1,
3317-1-1,3317-1,11-asail-1,
3319-1-1,3319-1,3-tobearplentifully-1,
3320-1-1,3320-1,11-afish-1,
3320-1-2,3320-1,33-fishspeciesloanfrommarshallese-1,
3320-1-3,3320-1,17-astingray-1,
3322-1-1,3322-1,10-ant-1,
3322-2-1,3322-2,protoeasternoceanic-ant-1,geraghty1983;geraghty1990
3322-2-2,3322-2,8-smallant-1,
3322-2-3,3322-2,51-ant-1,
3322-2-4,3322-2,44-redants-1,
3322-2-5,3322-2,3-redant-1,
3322-2-6,3322-2,12-ant-1,
3322-2-7,3322-2,13-largeredant-1,
3322-3-1,3322-3,protokimbe-ant-1,
3323-1-1,3323-1,3-tongue-1,
3325-1-1,3325-1,10-femalewomanwithdemonstrativesuffixes-1,
3329-1-1,3329-1,16-totow-1,
3329-1-2,3329-1,16-towsomething-1,
3329-1-3,3329-1,17-towpull-1,
3329-1-4,3329-1,13-pullupaplant-1,
3337-1-1,3337-1,protooceanic-shade-1,blust1978[6]
3337-1-2,3337-1,44-shadowreflectionlikenesssoul-1,
3337-1-3,3337-1,2-imageshapereflection-1,
3337-1-4,3337-1,12-toshadesomething-1,
3337-1-5,3337-1,protonakanai-shadowreflection-1,
3337-1-6,3337-1,uraustronesisch-shade-1,
3337-2-1,3337-2,protoeasternoceanic-shady-1,geraghty1990
3337-2-2,3337-2,protopolynesian-shade-1,pollex[malu.a]
3337-2-3,3337-2,44-toshade-1,
3338-1-1,3338-1,10-unabletorestrainonesdesireeatingwithoutwaitingforothers-1,
3338-1-2,3338-1,11-smalllouse-1,
3341-1-1,3341-1,17-neitherhighnorlowinbetweenarchaic-1,
3342-1-1,3342-1,8-tolookatasareflection-1,
3342-1-2,3342-1,44-tolooksee-1,
3342-1-3,3342-1,3-tolookat-1,
3342-1-4,3342-1,14-tolookorseemappearance-1,
3342-1-5,3342-1,2-looklookat-1,
3342-1-6,3342-1,2-tolooklookintoorfor-1,
3342-1-7,3342-1,12-lookseelookfor-1,
3342-1-8,3342-1,12-lookat-1,
3342-1-9,3342-1,12-areflectingpoolmirror-1,
3342-1-10,3342-1,13-toseelookat-1,
3342-1-11,3342-1,protoeasternoceanic-toseebehold-1,
3342-1-12,3342-1,uraustronesisch-reflection-1,
3343-1-1,3343-1,4-socketformastoryardonasailingcanoepwuplaceonesfootorpwuunavel-1,
3347-1-1,3347-1,17-packagetofoldpack-1,
3347-1-2,3347-1,17-foldwrappackage-1,
3347-1-3,3347-1,17-foldsomething-1,
3347-2-1,3347-2,11-clothewearwrapsomething-1,
3347-2-2,3347-2,11-clothescloth-1,
3347-2-3,3347-2,11-coverwithaclothmeasurethesizeofapieceofcloth-1,
3347-2-4,3347-2,17-clothesclothtodressup-1,
3347-2-5,3347-2,17-clothesomeone-1,
3347-2-6,3347-2,44-tokinkhavecorrugationsbeshriveledorwrinkled-1,
3347-2-7,3347-2,44-tocreasefoldsomething-1,
3348-1-1,3348-1,13-rollitup-1,
3348-1-2,3348-1,uraustronesisch-wrapupbindup-1,
3350-1-1,3350-1,8-torubtheskinoff-1,
3351-1-1,3351-1,protoaustronesian-slipawayescape-1,blust1970[131]
3353-1-1,3353-1,54-leftover-1,benderetal1984
3354-1-1,3354-1,56-thenandbut-1,
3356-1-1,3356-1,13-beashamed-1,
3358-1-1,3358-1,11-breathlessthirsty-1,
3358-1-2,3358-1,4-headcoldchestcoldhaveacoldhaveacough-1,
3360-1-1,3360-1,10-sinkfoundergodownasfood-1,bingham1908
3360-1-2,3360-1,10-sinkfoundergodownasfood-2,eastman1948
3360-1-3,3360-1,10-tosubsidetolull-1,
3360-1-4,3360-1,11-sinkwithtoomuchweightsubside-1,
3360-2-1,3360-2,protochuukic-tosink-1,
3361-1-1,3361-1,33-clearingfieldplantationgarden-1,
3361-1-2,3361-1,33-clearanareacutorpullgrass-1,
3361-1-3,3361-1,33-makeaclearingplantationorgarden-1,
3363-1-1,3363-1,17-wrasse-1,
3363-1-2,3363-1,13-kindoffish-1,
3364-1-1,3364-1,10-beangryfightandkaunuuncontinuetoprovokeanger-1,
3364-1-2,3364-1,10-continuetoprovokeanger-1,
3364-1-3,3364-1,protooceanic-strikeslay-1,ross1988
3364-1-4,3364-1,44-killorcutupananimal-1,
3364-1-5,3364-1,2-tokillexterpate-1,
3364-1-6,3364-1,12-tofightcut-1,
3364-1-7,3364-1,12-warfare-1,
3364-1-8,3364-1,uraustronesisch-warfighting-1,
3364-2-1,3364-2,56-warbattle-1,
3366-1-1,3366-1,8-fijianbreadburiedinthegroundformonths-1,
3367-1-1,3367-1,12-soft-1,
3367-1-2,3367-1,12-easy-1,
3367-1-3,3367-1,12-easysoftoverripe-1,
3367-2-1,3367-2,3-overripe-1,
3368-1-1,3368-1,13-becold-1,
3368-1-2,3368-1,13-toshakeasinepilepsy-1,
3368-1-3,3368-1,13-coldtobecold-1,
3368-1-4,3368-1,protokimbe-becold-1,
3368-1-5,3368-1,protoaustronesian-becold-1,blust1970[133]
3370-1-1,3370-1,44-hitherfrom-1,
3370-1-2,3370-1,3-hither-1,
3370-1-3,3370-1,2-hither-1,
3370-1-4,3370-1,12-hither-1,
3370-1-5,3370-1,protokimbe-from-1,
3372-1-1,3372-1,protoeasternoceanic-lefthand-1,geraghty1990
3372-1-2,3372-1,44-lefthanded-1,
3372-1-3,3372-1,14-lefthanded-1,
3372-1-4,3372-1,12-differentlyinawrongdirectionaftervtlefthanded-1,
3372-1-5,3372-1,protokimbe-lefthanded-1,
3374-1-1,3374-1,55-tohavenauseavomit-1,
3375-1-1,3375-1,10-wornoutwornthin-1,
3375-1-2,3375-1,11-barrenemptyfruitlesssterile-1,
3380-1-1,3380-1,12-waitfor-1,
3382-1-1,3382-1,13-sweet-1,
3384-1-1,3384-1,16-tobreathe-1,
3384-1-2,3384-1,11-hisbreathsigh-1,
3386-1-1,3386-1,8-waterproofnotleaky-1,
3390-1-1,3390-1,11-seethink-1,
3393-1-1,3393-1,protoeasternoceanic-withered-1,geraghty1990
3393-2-1,3393-2,33-withereddrydeadvegetation-1,
3393-2-2,3393-2,16-driedupdeadofleavesbrownofdriedvegetationandmmemnpandanuskeyhispandanuskpandanuskofmrslengthunexplained-1,
3393-2-3,3393-2,16-pandanuskeyhispandanuskeypandanuskeyof-1,
3394-1-1,3394-1,13-afish-1,
3399-1-1,3399-1,uraustronesisch-thirst-1,
3399-2-1,3399-2,6-bedrydriedup-1,
3399-2-2,3399-2,10-dry-1,
3399-2-3,3399-2,10-thirsty-1,
3400-1-1,3400-1,17-emptynomoreallgoneexhausted-1,
3400-2-1,3400-2,13-dry-1,
3403-1-1,3403-1,2-smoothslippery-1,
3404-1-1,3404-1,11-cookedboiledpossiblyaloanfromgilbertese-1,
3404-2-1,3404-2,44-cooked-1,
3404-2-2,3404-2,3-cooked-1,
3405-1-1,3405-1,protopolynesian-opensea-1,pollex[wasa]
3405-1-2,3405-1,protopolynesian-intervalofspaceortime-1,pollex[waa2]
3405-1-3,3405-1,8-seaocean-1,
3405-1-4,3405-1,8-aspaceorinterval-1,
3405-1-5,3405-1,3-deepofseadeepsea-1,
3406-1-1,3406-1,33-hiccough-1,
3406-1-2,3406-1,16-hiccough-1,
3406-2-1,3406-2,56-hiccough-1,
3412-1-1,3412-1,56-nipple-1,
3412-2-1,3412-2,4-nipple-1,
3414-1-1,3414-1,17-aconstellationcomprisingalphabetagammaanddeltasagitarii-1,
3416-1-1,3416-1,33-ripe-1,
3416-1-2,3416-1,16-ripemiddleaged-1,
3417-1-1,3417-1,protokimbe-sleepy-1,
3418-1-1,3418-1,protooceanic-sleep-1,ross1988[461]
3418-1-2,3418-1,uraustronesisch-sleep-1,
3418-2-1,3418-2,protokimbe-sleepy-2,
3421-1-1,3421-1,uraustronesisch-alive-1,
3422-1-1,3422-1,39-betiredoutofbreathexhausted-1,
3422-1-2,3422-1,44-toshout-1,
3422-1-3,3422-1,2-toshout-1,
3423-1-1,3423-1,13-healedofasore-1,
3424-1-1,3424-1,10-indentedhavingahollowdepressed-1,
3424-1-2,3424-1,10-smalldepressionorpit-1,
3425-1-1,3425-1,8-perspiration-1,
3426-1-1,3426-1,10-wellcooked-1,
3429-1-1,3429-1,33-sirmadam-1,
3429-1-2,3429-1,protopolynesian-thing-1,pollex[meqa]
3430-1-1,3430-1,11-livestay-1,
3430-1-2,3430-1,4-beinacondition-1,
3430-1-3,3430-1,13-todwell-1,
3432-1-1,3432-1,protoeasternoceanic-red-1,geraghty1990
3432-1-2,3432-1,protopolynesian-reddish-1,pollex[mea.1a]
3432-1-3,3432-1,3-red-1,
3432-1-4,3432-1,2-aspeciesofsmallredfish-1,
3432-1-5,3432-1,12-brightred-1,
3433-1-1,3433-1,33-inthepastalongtimeago-1,
3434-1-1,3434-1,33-tokisssomeone-1,
3434-1-2,3434-1,16-tokisssomeoneoncheekorhand-1,
3434-1-3,3434-1,protopolynesian-sucklick-1,pollex[miti.3]
3434-1-4,3434-1,14-totaste-1,
3434-1-5,3434-1,protoeasternoceanic-prepocminsiasaprenasalizedvariant-1,
3434-2-1,3434-2,protopohnpeic-tokissmakeasuckingsound-1,
3437-1-1,3437-1,uraustronesisch-manmale-1,
3437-1-2,3437-1,protoaustronesian-commanderwarleader-1,wolff1993
3441-1-1,3441-1,8-achildrensdiseaseshowingredspots-1,
3445-1-1,3445-1,44-disorderly-1,
3447-1-1,3447-1,3-toeatvegetablefood-1,
3447-1-2,3447-1,14-toeat-1,
3447-1-3,3447-1,14-afeast-1,
3447-1-4,3447-1,14-mymouth-1,
3447-1-5,3447-1,12-food-1,
3450-1-1,3450-1,10-pancreas-1,benderetal1984
3450-1-2,3450-1,8-entrails-1,
3451-1-1,3451-1,33-tosneeze-1,
3451-1-2,3451-1,11-tosneeze-1,
3451-1-3,3451-1,44-tosneeze-1,
3451-1-4,3451-1,53-tosneeze-1,
3451-1-5,3451-1,2-tosneeze-1,
3451-1-6,3451-1,3-tosneeze-1,
3451-1-7,3451-1,12-tosneeze-1,
3452-1-1,3452-1,protoeasternoceanic-roasted-1,geraghty1990
3454-1-1,3454-1,8-tobobupanddown-1,
3455-1-1,3455-1,protokimbe-firstgoaheadnowtemporarilyforwardonward-1,
3456-1-1,3456-1,protokimbe-sleepingmatandraincapemadeofpandanusthepandanusfromwhichtheyaremade-1,
3456-2-1,3456-2,10-todream-1,
3456-3-1,3456-3,44-belistlessfaint-1,
3456-3-2,3456-3,14-tomendpatch-1,
3456-3-3,3456-3,12-pandanusmatumbrella-1,
3456-3-4,3456-3,protooceanic-prepocmonze-1,
3458-1-1,3458-1,13-afish-2,
3464-1-1,3464-1,33-firewood-1,
3464-1-2,3464-1,16-firewood-1,
3467-1-1,3467-1,10-afishmyripristis-1,
3467-1-2,3467-1,8-alongblackfish-1,
3468-1-1,3468-1,17-hiploinhipof-1,
3468-2-1,3468-2,44-backofbehind-1,
3468-2-2,3468-2,44-after-1,
3470-1-1,3470-1,16-lagoon-1,
3473-1-1,3473-1,protooceanic-ovaryeggbabybird-1,
3473-1-2,3473-1,protomalayopolynesian-childclassifierforcherishedpossessions-1,blust1980[115]
3477-1-1,3477-1,33-derivetransverbfrominalienablenounsapwenikitoownoflandsapweland-1,
3480-1-1,3480-1,10-verysmall-1,
3481-1-1,3481-1,56-coconut-1,
3482-1-1,3482-1,8-tosharpentoapoint-1,
3484-1-1,3484-1,protooceanic-scorpionfishstonefish-2,blust1978[5]
3484-1-2,3484-1,protomalayopolynesian-scorpionfishstonefish-1,blust198384[76]
3487-1-1,3487-1,protoeasternoceanic-when-1,geraghty1983
3487-1-2,3487-1,8-when-2,
3487-1-3,3487-1,3-when-1,
3487-1-4,3487-1,protooceanic-when-2,"ross1988[225, 461]"
3487-2-1,3487-2,44-when-1,
3488-1-1,3488-1,33-toeattasteusedderogatorily-1,
3488-1-2,3488-1,33-taste-1,
3488-1-3,3488-1,33-eatortastesomething-1,
3488-1-4,3488-1,33-itstasteflavor-1,
3488-1-5,3488-1,16-havetaste-1,
3488-1-6,3488-1,16-totastesomething-1,
3488-2-1,3488-2,53-totaste-1,
3488-2-2,3488-2,2-totastelick-1,
3488-2-3,3488-2,12-gobbleup-1,
3490-1-1,3490-1,56-mosquito-1,
3491-1-1,3491-1,39-favoritefood-1,
3492-1-1,3492-1,protooceanic-tastebite-1,blust1978[59]
3493-1-1,3493-1,protooceanic-yesterday-1,ross1988
3493-1-2,3493-1,protooceanic-yesterday-2,blust1978[58]
3493-1-3,3493-1,protomalayopolynesian-yesterday-1,blust1980[116]
3494-1-1,3494-1,protooceanic-morindacitrifolia-1,ross1988[208]
3494-2-1,3494-2,4-morindacitrifoliarootusedasyellowdye-1,
3495-1-1,3495-1,8-i1stpersonsingularpronoun-1,
3495-1-2,3495-1,13-i1stpersonsingularpronoun-1,
3496-1-1,3496-1,4-akindofturtleinthespecialcrypticargotusedbyita-1,
3499-1-1,3499-1,2-hisgums-1,
3502-1-1,3502-1,10-thousand-1,
3503-1-1,3503-1,10-eatvoraciously-1,
3503-1-2,3503-1,44-tochewnibbleofrats-1,
3503-1-3,3503-1,12-masticatewiththegums-1,
3504-1-1,3504-1,12-snapatbiteatofangrydog-1,
3504-1-2,3504-1,12-tocrunch-1,
3504-1-3,3504-1,51-bitewiththeteethmunchcrunchasboneseatwithacrunchingormunchingsound-1,
3504-1-4,3504-1,14-crunchtheteeth-1,
3504-2-1,3504-2,8-tocrunch-1,
3505-1-1,3505-1,8-athingthatwillcauselaughterajoke-1,
3509-1-1,3509-1,21-atreepemphisacidula-1,
3509-1-2,3509-1,5-pemphisacidula-1,
3509-1-3,3509-1,8-atreesurianamaritima-1,
3513-1-1,3513-1,protooceanic-tooth-1,
3513-1-2,3513-1,protopolynesian-tooth-1,pollex[nifo]
3513-1-3,3513-1,44-tooth-1,
3513-1-4,3513-1,12-tooth-1,
3513-1-5,3513-1,13-histooth-1,
3513-1-6,3513-1,uraustronesisch-tooth-1,
3513-2-1,3513-2,protowillaumez-teeth-1,
3515-1-1,3515-1,56-tobuzzhumabeewasp-1,
3516-1-1,3516-1,protomalayopolynesian-growlwhine-1,
3517-1-1,3517-1,uraustronesisch-whisper-1,
3517-2-1,3517-2,44-clenchtheteeth-1,
3517-2-2,3517-2,2-togrindtheteethshowtheteethsnarl-1,
3518-1-1,3518-1,12-singcustomarychanting-1,
3518-1-2,3518-1,12-singsomething-1,
3518-1-3,3518-1,12-singaparticularsong-1,
3518-1-4,3518-1,2-tohum-1,
3519-1-1,3519-1,38-tobeuncomfortable-1,
3519-1-2,3519-1,8-weakinfirmhelpless-1,
3521-1-1,3521-1,8-gruntasapigmoaninpainofaperson-1,
3521-1-2,3521-1,44-snore-1,
3521-1-3,3521-1,2-snore-1,
3521-2-1,3521-2,4-togruntsnore-1,
3521-2-2,3521-2,4-tosnore-1,
3521-3-1,3521-3,protooceanic-snore-1,ross1988
3522-1-1,3522-1,17-groanmoanmumble-1,
3522-2-1,3522-2,10-togroanmoan-1,
3522-3-1,3522-3,12-whisper-1,
3522-3-2,3522-3,12-whispertooneanotheruumurmur-1,
3522-3-3,3522-3,12-murmur-1,
3522-3-4,3522-3,14-tomumblemew-1,
3524-1-1,3524-1,13-that-1,
3525-1-1,3525-1,11-beexist-1,
3526-1-1,3526-1,39-sidealongsideof-1,
3529-1-1,3529-1,17-arithmeticcountauditcompute-1,
3527-1-1,3527-1,17-baitluretochumforfish-1,
3527-1-2,3527-1,17-tolureafish-1,
3527-1-3,3527-1,10-fishbait-1,
3527-1-4,3527-1,56-bait-1,
3528-1-1,3528-1,17-coconutfrondmidriboffrond-1,
3531-1-1,3531-1,protowesternmalayopolynesian-flatlevel-1,blust1980[123];blust198384[93]
3532-1-1,3532-1,33-tobesummonedtothepresenceofahighchief-1,
3532-1-2,3532-1,17-placeinplacenames-1,
3534-1-1,3534-1,protooceanic-shark-1,ross1988
3534-1-2,3534-1,8-shark-1,
3534-1-3,3534-1,protonakanai-shark-1,
3534-1-4,3534-1,uraustronesisch-shark-1,
3537-1-1,3537-1,33-todrytoexposeobjectstothesuninordertodrythem-1,
3537-1-2,3537-1,33-bedriedbeexposedtothesun-1,
3537-1-3,3537-1,17-lightinweight-1,
3537-1-4,3537-1,11-lightslimskinny-1,
3537-1-5,3537-1,3-lightnotheavy-1,
3539-1-1,3539-1,11-partpiececuttingsegmentof-1,
3540-1-1,3540-1,42-seacucumber-1,
3540-2-1,3540-2,16-seacucumber-1,
3540-2-2,3540-2,11-seacucumberwhichdoesnotshowexpectedinitialporreduplication-1,
3540-2-3,3540-2,protopohnpeic-seaurchin-1,
3540-2-4,3540-2,33-smallblackspeciesofseaurchin-1,
3540-2-5,3540-2,16-seacucumber-2,
3546-1-1,3546-1,11-holeperforationaperture-1,
3547-1-1,3547-1,16-mackerel-1,
3551-1-1,3551-1,56-hishandorarm-1,
3552-1-1,3552-1,16-waving-1,
3552-1-2,3552-1,17-formantinplacenamesblow-1,
3552-1-3,3552-1,17-waveofaflagflutter-1,
3552-2-1,3552-2,4-fanlitmakewindblowing-1,
3552-2-2,3552-2,4-fanhimbeckontoher-1,
3554-1-1,3554-1,16-cemetery-1,
3554-1-2,3554-1,11-pileofstonesstonewall-1,
3554-1-3,3554-1,11-buildsomethingwithstones-1,
3555-1-1,3555-1,protoeasternoceanic-defecateexcrement-1,geraghty1983
3555-1-2,3555-1,8-excrement-1,
3555-1-3,3555-1,44-excrement-1,
3555-1-4,3555-1,3-excrement-1,
3555-1-5,3555-1,2-excrement-1,
3555-1-6,3555-1,12-excrement-1,
3555-1-7,3555-1,8-kindofbat-1,
3555-1-8,3555-1,protopolynesian-flyingfox-1,pollex[peka.1]
3556-1-1,3556-1,42-cough-1,
3556-2-1,3556-2,8-coughtocough-1,
3556-2-2,3556-2,44-coughtocough-1,
3556-2-3,3556-2,12-coughtocough-1,
3557-1-1,3557-1,10-akindoffish-1,
3558-1-1,3558-1,11-coconutoilforpoi-1,
3558-1-2,3558-1,11-coconutmilk-1,
3558-2-1,3558-2,18-eggwhite-1,
3560-1-1,3560-1,10-toskimalongasaplatewhenthrown-1,
3560-1-2,3560-1,8-butterfly-1,
3560-1-3,3560-1,uraustronesisch-fluttermovetoandfro-1,
3562-1-1,3562-1,13-tofloat-1,
3564-1-1,3564-1,8-vagina-1,
3565-1-1,3565-1,protopolynesian-arrowrootstarch-1,pollex[pia1]
3565-1-2,3565-1,protopolynesian-gumsapdischargeasfromeyesexudation-1,pollex[pia.2a]
3566-1-1,3566-1,protonakanai-tothrowsomethingaway-1,
3567-1-1,3567-1,17-slipdownoutofposition-1,
3567-1-2,3567-1,11-asequenceofquickmovementstobeatjerktwitchsquirm-1,
3569-1-1,3569-1,protomalayopolynesian-soundofpattingortapping-1,blust198384[95]
3570-1-1,3570-1,33-confuseddisorderedmessypiipiconfusiondisordermess-1,
3570-1-2,3570-1,33-confusiondisordermess-1,
3570-1-3,3570-1,10-tangledsnarled-1,
3570-1-4,3570-1,11-tangledwith-1,
3570-1-5,3570-1,11-messyconfusedjumbledcrowdedmixedupentangled-1,
3572-1-1,3572-1,55-bepluggedupconstipatedstoppedup-1,
3574-1-1,3574-1,protoeasternoceanic-hernandiatree-1,geraghty1990
3576-1-1,3576-1,10-tumorwen-1,
3576-1-2,3576-1,protoeasternoceanic-elephantiasis-1,geraghty1990
3577-1-1,3577-1,11-because-1,
3577-2-1,3577-2,8-because-1,
3578-1-1,3578-1,protooceanic-futureaspectmarker-1,ross1988
3579-1-1,3579-1,8-tosay-2,geraghty1983
3583-1-1,3583-1,8-pulluptakeup-1,
3584-1-1,3584-1,2-prefixofderogation-1,
3584-2-1,3584-2,10-foolish-2,
3588-1-1,3588-1,10-tocovershutclose-1,
3588-1-2,3588-1,2-tostopupblockchokecork-1,
3590-1-1,3590-1,8-vagina-2,
3592-1-1,3592-1,55-beachrock-1,
3592-1-2,3592-1,12-reef-1,
3593-1-1,3593-1,11-twistspin-1,
3594-1-1,3594-1,10-provisionboxoverflowholehollowwherewaterstays-1,
3596-1-1,3596-1,8-basketbox-1,
3600-1-1,3600-1,56-hisnose-1,
3600-2-1,3600-2,protooceanic-nose-1,
3600-2-2,3600-2,protopolynesian-nose-1,pollex[isu]
3600-2-3,3600-2,8-nose-1,
3600-2-4,3600-2,3-nose-1,
3600-2-5,3600-2,2-noseornament-1,
3600-2-7,3600-2,protokimbe-nose-1,
3600-2-8,3600-2,uraustronesisch-nose-1,
3601-1-1,3601-1,56-fishingpole-1,
3601-1-2,3601-1,11-fishforwithapoleatnight-1,
3603-1-1,3603-1,56-limewhite-1,
3603-1-2,3603-1,protowesternmalayopolynesian-white-1,blust1980[56]
3603-2-1,3603-2,3-whitepowderedlime-1,
3607-1-1,3607-1,38-totakesomethingupfromunderground-1,
3607-2-1,3607-2,44-toleverprize-1,
3608-1-1,3608-1,17-breakcreasefracturesomething-1,
3608-1-2,3608-1,10-tosplit-1,
3608-1-3,3608-1,protochuukic-break-1,
3608-2-1,3608-2,11-breaksmashofbrittleobjects-1,
3608-2-2,3608-2,11-brokensmashed-1,
3608-2-3,3608-2,11-breakorsmashsomething-1,
3609-1-1,3609-1,55-centerofanislandcenterof-1,
3609-1-2,3609-1,11-blueindigodarkblue-1,
3609-2-1,3609-2,protoeasternoceanic-mud-1,geraghty1983
3609-2-2,3609-2,protopolynesian-dirtydecayed-1,pollex[pela]
3609-2-3,3609-2,2-aswamp-1,
3609-2-4,3609-2,2-beinflood-1,
3610-1-1,3610-1,17-basebasisrootcausereason-1,
3610-1-2,3610-1,8-causebeginningbasis-1,
3610-1-3,3610-1,protokimbe-trunkbasisreasoncause-1,
3610-1-4,3610-1,uraustronesisch-causebeginningbasis-1,
3611-1-1,3611-1,protooceanic-butterfly-1,
3611-1-2,3611-1,45-butterfly-1,
3611-1-3,3611-1,8-butterfly-1,
3611-1-4,3611-1,44-butterflymoth-1,
3611-1-5,3611-1,14-butterflymoth-1,
3611-1-6,3611-1,12-butterflymoth-1,
3611-1-7,3611-1,protokimbe-flutter-2,
3612-1-1,3612-1,11-passgocome-2,
3612-1-2,3612-1,10-goneashoreasaboatonthebeach-1,
3613-1-1,3613-1,17-bloom-1,
3614-1-1,3614-1,38-twins-1,
3616-1-1,3616-1,protooceanic-sapgumresingummy-1,
3616-1-2,3616-1,8-besticky-1,
3616-1-3,3616-1,protopolynesian-gumresin-1,pollex[pulu.2]
3616-1-4,3616-1,44-pitchresin-1,
3616-1-5,3616-1,2-gumofburuparinariumtreeusedtocaulkcanoestostick-1,
3616-1-6,3616-1,13-juicesap-1,
3616-1-7,3616-1,uraustronesisch-gluepaste-1,
3618-1-1,3618-1,10-unitoftenincounting-1,
3620-1-1,3620-1,uraustronesisch-odorsmell-1,
3620-1-2,3620-1,protoaustronesian-odorsmell-1,
3622-1-1,3622-1,6-becompletelyplantedofafield-1,
3622-1-2,3622-1,7-becompletelyplantedofafield-1,
3622-1-3,3622-1,10-reallytrulyindeed-1,
3623-1-1,3623-1,44-topromise-1,
3623-1-2,3623-1,53-topromise-1,
3623-1-3,3623-1,14-takeholdof-1,
3624-1-1,3624-1,4-daybeforeyesterday-1,
3625-1-1,3625-1,17-swollencorpse-1,
3625-1-2,3625-1,11-budswelling-1,
3625-1-3,3625-1,protoeasternoceanic-boilswelling-1,geraghty1983
3625-1-4,3625-1,8-aboil-1,
3625-1-5,3625-1,2-elephantiasis-1,
3627-1-1,3627-1,protoeasternoceanic-foolish-1,geraghty1990
3628-1-1,3628-1,8-tiefasten-1,
3628-1-2,3628-1,8-tieaknot-1,
3628-1-3,3628-1,3-aknottotietogether-1,
3628-2-1,3628-2,17-tieaknotdivinationusingknots-1,
3628-2-2,3628-2,17-tiesomething-1,
3628-3-1,3628-3,33-knotjointnodeitsknot-1,
3631-1-1,3631-1,uraustronesisch-basetail-1,
3631-2-1,3631-2,56-tail-1,
3631-2-2,3631-2,protokimbe-basecause-1,
3631-2-3,3631-2,protomalayopolynesian-basetail-1,
3633-1-1,3633-1,56-toflareup-1,
3633-2-1,3633-2,3-toblazeburnaflame-1,
3634-1-1,3634-1,12-pacificseaperch-1,
3635-1-1,3635-1,17-avarietyofinedibletaro-1,
3635-2-1,3635-2,13-cyrtospermataro-1,
3635-2-2,3635-2,protoeasternoceanic-cyrtospermataro-2,geraghty1990
3636-1-1,3636-1,56-largecowrie-1,
3643-1-1,3643-1,10-theheartamarshalleseloan-1,
3644-1-1,3644-1,8-rotten-1,
3645-1-1,3645-1,17-toboilofwateronly-1,
3646-1-1,3646-1,17-defecatefromtreesofbirds-1,
3646-1-2,3646-1,protoeasternoceanic-feces-1,geraghty1983
3646-1-3,3646-1,protooceanic-feces-1,ross1988
3646-1-4,3646-1,protopolynesian-feces-1,pollex[taqe.1]
3646-1-5,3646-1,protokimbe-feces-1,
3646-1-6,3646-1,8-feces-1,
3646-1-7,3646-1,44-feces-1,
3646-1-8,3646-1,3-feces-1,
3646-1-9,3646-1,12-feces-1,
3646-1-10,3646-1,uraustronesisch-feces-1,
3647-1-1,3647-1,39-navel-1,
3647-1-2,3647-1,6-navel-1,
3647-1-3,3647-1,7-navel-1,
3647-2-1,3647-2,protopolynesian-navel-1,pollex[pito.1]
3647-2-2,3647-2,45-navel-1,
3647-2-3,3647-2,8-navel-1,
3647-2-4,3647-2,3-navel-1,
3647-2-5,3647-2,44-navel-1,
3647-2-6,3647-2,12-navel-1,
3647-2-7,3647-2,protonakanai-navel-1,
3647-2-8,3647-2,uraustronesisch-navel-1,
3648-1-1,3648-1,33-descendintofallintostepintoasaholewithdirectionalsuffix-1,
3648-1-2,3648-1,16-pushshove-1,
3648-1-3,3648-1,10-tocrowd-1,
3648-1-4,3648-1,10-topushorpressagainstsomething-1,
3650-1-1,3650-1,protoeasternoceanic-lightshine-1,geraghty1983
3650-1-2,3650-1,44-bedaybedaylight-1,
3650-1-3,3650-1,3-toshineofthesun-1,
3650-1-4,3650-1,2-dayshineon-1,
3650-1-5,3650-1,12-day-1,
3651-1-1,3651-1,protopolynesian-smallbranch-1,pollex[raqa/raqa]
3651-1-2,3651-1,12-leafusedtowrappuddinginforcooking-1,
3651-1-3,3651-1,12-calamusvine-1,
3651-1-4,3651-1,protooceanic-branch-1,ross1988
3651-1-5,3651-1,protoaustronesian-branch-1,ross1988
3651-1-6,3651-1,protomalayopolynesian-branch-1,blust1986[33]
3652-1-1,3652-1,8-weather-1,
3654-1-1,3654-1,protoaustronesian-snatchgrab-1,blust1986[54]
3655-1-1,3655-1,3-light-1,
3655-1-2,3655-1,12-light-1,
3656-1-1,3656-1,uraustronesisch-behot-1,
3659-1-1,3659-1,protopolynesian-pinchpullup-1,pollex[laqu1]
3659-1-2,3659-1,12-takeoffliftpullup-1,
3659-1-3,3659-1,protokimbe-topull-1,
3659-1-4,3659-1,uraustronesisch-totearoffsplit-1,
3663-1-1,3663-1,3-them-1,
3664-1-1,3664-1,38-actororagent-1,
3670-1-1,3670-1,38-holinesssacredobjecttaboobeholysacredforbidden-1,
3671-1-1,3671-1,10-bemarried-1,
3671-1-2,3671-1,10-marriagemarriedstate-1,
3671-1-3,3671-1,protowesternmalayopolynesian-touchingorjoinedalongthelength-1,blust198384[103]
3673-1-1,3673-1,10-engageinbreakinguporopen-1,
3673-1-2,3673-1,10-tobreaksomethingopenasacoconut-1,
3673-2-1,3673-2,33-besmashedbroken-1,
3673-2-2,3673-2,16-broken-1,
3673-2-3,3673-2,16-brokenthrough-1,
3673-2-4,3673-2,16-breaksomething-1,
3673-3-1,3673-3,protopolynesian-cuttinginstrument-1,pollex[lipi.1]
3673-3-2,3673-3,8-thesharpedgeofsomethingsasayamcutintosmallpieces-1,
3673-3-3,3673-3,44-brokenintoslivers-1,
3674-1-1,3674-1,51-absolutelydarkpitchdark-1,
3674-1-2,3674-1,uraustronesisch-bedark-1,
3676-1-1,3676-1,10-usedupconsumedallgone-1,
3681-1-1,3681-1,17-bowonesheadbend-1,
3681-1-2,3681-1,17-toducklowertheheadhumbleoneselfbowdown-1,
3683-1-1,3683-1,protooceanic-bad-1,ross1988
3684-1-1,3684-1,16-tomakeanet-1,
3684-1-2,3684-1,17-mendanet-1,
3684-1-3,3684-1,51-toweaveanetorspiderweb-1,
3688-1-1,3688-1,38-tearitaparttatterit-1,
3688-1-2,3688-1,46-tearitaparttatterit-1,
3688-1-3,3688-1,33-havetheforeskinofthepeniswithdrawn-1,
3688-1-4,3688-1,33-topullapartpulloff-1,
3688-1-5,3688-1,16-tosqueezebypulling-1,
3688-1-6,3688-1,16-toripsomethingoffbreakalockopen-1,
3688-1-7,3688-1,10-totearsomething-1,
3688-1-8,3688-1,10-sectionofabunchofbananas-1,
3688-1-9,3688-1,11-tearriprend-2,
3688-1-10,3688-1,11-tearshredriprendsomething-1,
3688-1-11,3688-1,11-toshredrip-1,
3688-1-12,3688-1,11-toshredcutortearsomethingtobits-1,
3690-1-1,3690-1,17-bindrollupasalineorfilmonaspool-1,
3690-1-2,3690-1,44-sew-1,
3690-2-1,3690-2,protoeasternoceanic-copulate-1,geraghty1983
3690-3-1,3690-3,protoeasternoceanic-needle-1,geraghty1990
3696-1-1,3696-1,4-tosmellperceiveodor-1,
3696-1-2,3696-1,4-smellit-1,
3696-2-1,3696-2,9-tosmellanodor-1,
3698-1-1,3698-1,11-tohelp-2,
3698-1-2,3698-1,11-helpsomeone-1,
3698-1-3,3698-1,44-toencouragesomeone-1,
3699-1-1,3699-1,8-todream-1,
3703-1-1,3703-1,33-overtiredasamuscle-1,
3708-1-1,3708-1,8-catchsomethingthrown-1,
3709-1-1,3709-1,10-larvaefromwhichlicespring-1,
3709-2-1,3709-2,56-nitlouseegg-1,
3711-1-1,3711-1,11-color-1,
3713-1-1,3713-1,16-todrip-1,
3713-2-1,3713-2,12-drizzle-1,
3714-1-1,3714-1,8-faintloseconsciousness-1,
3714-1-2,3714-1,2-tolookforsearchseek-1,
3715-1-1,3715-1,38-cutorbreakitintopieces-1,
3715-1-2,3715-1,56-woodchipssawdust-1,
3717-1-1,3717-1,8-fillupacreviceorpushathingintoit-1,
3717-2-1,3717-2,11-stickinpushincramin-1,
3718-1-1,3718-1,10-rinseoffsaltwater-1,
3718-1-2,3718-1,protooceanic-fardistant-1,
3718-1-3,3718-1,8-outside-1,
3718-1-4,3718-1,44-faroffdistant-1,
3718-1-5,3718-1,3-befaralongtime-1,
3718-1-6,3718-1,2-faroff-1,
3718-1-7,3718-1,12-fardistantforlong-1,
3718-1-8,3718-1,uraustronesisch-fardistant-1,
3718-2-1,3718-2,8-distantfaraway-1,
3721-1-1,3721-1,11-tocomeland-1,
3721-1-2,3721-1,11-tocome-1,
3721-1-3,3721-1,8-tohavearrived-1,
3721-1-4,3721-1,8-toreachlandaliveafterbeinginagale-1,
3722-1-1,3722-1,39-torubtogetherasleavestoobtainfragrance-1,
3723-1-1,3723-1,protomalayopolynesian-tosinkdisappearunderwater-1,blust1986[100]
3723-1-2,3723-1,protomalayopolynesian-sinkvanish-1,blust1989[171]
3724-1-1,3724-1,17-paininarmcausedbythrowing-1,
3724-1-2,3724-1,8-sharppointbarb-1,
3726-1-1,3726-1,44-tochop-1,
3726-1-2,3726-1,44-tochopsomething-1,
3726-1-3,3726-1,3-digaholehewcarve-1,
3726-1-4,3726-1,3-tohollowout-1,
3726-1-5,3726-1,12-cutthingsup-1,
3726-2-1,3726-2,13-gathertaro-1,
3727-1-1,3727-1,4-vulvahervulvavulgar-1,
3730-1-1,3730-1,12-torchlight-1,
3734-1-1,3734-1,33-howmanyhowmuch-1,
3734-1-2,3734-1,16-howmanyhowmuch-1,
3736-1-1,3736-1,10-arowrankline-1,
3736-1-2,3736-1,10-standinaroworline-1,
3736-2-1,3736-2,44-alinerow-1,
3736-2-2,3736-2,2-inarow-1,
3736-2-3,3736-2,12-inaline-1,
3737-1-1,3737-1,17-sailwithoutriggeroutofwatertipofacanoe-1,
3738-1-1,3738-1,39-portionsofarmaboveandbelowelbowlegbelowkneethighportionsbetweennodesasofsugarcaneandbamboo-1,
3738-1-2,3738-1,11-amodeofsexualintercourse-1,
3740-1-1,3740-1,17-nine-1,
3742-1-1,3742-1,3-forest-1,
3744-1-1,3744-1,11-towashtwenwashsoaksomething-1,
3744-1-2,3744-1,11-washsoaksomething-1,
3744-1-3,3744-1,8-pourwateronthingsirrigate-1,
3744-1-4,3744-1,8-pourwateronsomething-1,
3744-1-5,3744-1,protoeasternoceanic-pourwateron-1,geraghty1983
3744-2-1,3744-2,protoeasternoceanic-todive-1,geraghty1983
3744-2-2,3744-2,protooceanic-descenddive-1,
3744-2-3,3744-2,protomalayopolynesian-divebathe-1,blust198384
3745-1-1,3745-1,11-dissectcutup-1,
3745-1-2,3745-1,11-dissectitcutitopen-1,
3745-1-3,3745-1,11-getout-1,
3747-1-1,3747-1,11-woodenknife-1,
3750-1-1,3750-1,38-tocutsplit-1,
3751-1-1,3751-1,11-toturn-1,
3754-1-1,3754-1,16-removemeatfromacoconut-1,
3754-1-2,3754-1,16-copra-1,
3754-1-3,3754-1,10-copra-1,
3754-1-4,3754-1,10-beverydryasthekernelofaripecoconut-1,
3754-1-5,3754-1,11-copramaturecoconut-1,
3755-1-1,3755-1,11-backhisbackbackof-1,
3755-1-2,3755-1,protooceanic-backofbody-1,ross1988
3755-1-3,3755-1,8-backofbody-1,
3757-1-1,3757-1,44-tobreakofforlopofbranches-1,
3757-1-2,3757-1,2-tochopchopdownatree-1,
3757-1-3,3757-1,2-tochop-1,
3759-1-1,3759-1,56-ropestring-1,
3767-1-1,3767-1,55-westdownward-1,
3767-1-2,3767-1,55-belowdownside-1,
3767-2-1,3767-2,51-placeofburialcemetery-1,
3767-2-2,3767-2,51-toburyorinternsomething-1,
3767-2-3,3767-2,3-earthground-1,
3767-2-4,3767-2,3-todipsoakinwater-1,
3767-2-5,3767-2,12-ground-1,
3767-2-6,3767-2,12-bury-1,
3767-2-7,3767-2,protooceanic-earth-1,ross1988
3767-2-8,3767-2,uraustronesisch-buryplant-1,
3772-1-1,3772-1,13-afish-3,
3773-1-1,3773-1,8-ribsofboat-1,
3773-1-2,3773-1,protoaustronesian-crossseatofboat-1,blust1970[142]
3777-1-1,3777-1,38-apiecethatiscutout-1,
3777-1-2,3777-1,38-totalkbehindonesback-1,
3778-1-1,3778-1,8-upperarmofhumanforelegofanimal-1,
3778-1-2,3778-1,8-singlehandedoddhavingnomatch-1,
3778-1-3,3778-1,14-handarmleaf-1,
3778-1-4,3778-1,44-leaf-1,
3778-1-5,3778-1,44-wingshoulderleaves-1,
3778-1-6,3778-1,protoeasternoceanic-liftupcarrybearinoneshands-2,
3780-1-1,3780-1,8-afightingironaxe-1,
3780-1-2,3780-1,44-divideseparate-1,
3780-1-3,3780-1,3-fellatreeclearthebush-1,
3780-1-4,3780-1,14-takefromseparatedivide-1,
3780-1-5,3780-1,12-tobeatdownundergrowth-1,
3780-1-6,3780-1,protomalayopolynesian-cutawayunderbrush-2,blust1980[92]
3780-1-7,3780-1,protoaustronesian-tocutclearvegetation-1,blust1986[97]
3783-1-1,3783-1,11-toturnsomething-1,
3783-2-1,3783-2,uraustronesisch-side-2,
3784-1-1,3784-1,3-woodenmortar-1,
3786-1-1,3786-1,8-portionsection-1,
3787-1-1,3787-1,8-sideendarea-1,geraghty1983[374]
3787-1-2,3787-1,protomalayopolynesian-finishedcompleted-1,blust1986[96]
3788-1-1,3788-1,17-tabooarchaic-1,
3792-1-1,3792-1,51-afishrededible-1,
3793-1-1,3793-1,protopolynesian-sailfloat-1,pollex[tere.a]
3795-1-1,3795-1,8-tofollow-1,
3795-1-2,3795-1,2-kinbymarriage-1,
3795-1-3,3795-1,2-acrowd-1,
3795-1-4,3795-1,uraustronesisch-row-1,
3799-1-1,3799-1,uraustronesisch-youngersibling-1,
3803-1-1,3803-1,56-year-1,
3803-1-2,3803-1,56-tidalseason-1,
3804-1-1,3804-1,protooceanic-whofij-1,ross1988
3804-1-2,3804-1,8-who-1,
3804-1-3,3804-1,protopolynesian-who-1,pollex[hai]
3804-1-4,3804-1,45-who-1,
3804-1-5,3804-1,44-who-1,
3804-1-6,3804-1,3-who-1,
3804-1-7,3804-1,12-who-1,
3804-1-8,3804-1,13-erei-1,
3805-1-1,3805-1,14-toholdcatchtaketouch-1,
3806-1-1,3806-1,56-porcupinefish-1,
3807-1-1,3807-1,44-beconvalescentafterafeverbeovertheattack-1,
3807-1-2,3807-1,12-bursthealedofaboil-1,
3817-1-1,3817-1,protoeasternoceanic-cover-1,geraghty1990
3817-1-2,3817-1,protoeasternoceanic-putdownplace-1,geraghty1990
3817-1-3,3817-1,8-putdownofburdenlayonethingonanother-1,
3817-1-4,3817-1,44-toputplace-1,
3817-1-5,3817-1,3-toputplaceappoint-1,
3817-1-6,3817-1,12-toputkeep-1,
3817-1-7,3817-1,protokimbe-toputputdowndepositofmoneylayofanegg-1,
3817-1-8,3817-1,uraustronesisch-putdownoraway-1,
3817-2-1,3817-2,11-burysomething-1,
3810-1-1,3810-1,8-highchief-1,
3810-1-2,3810-1,protopolynesian-ruleruler-1,pollex[sau.3]
3814-1-1,3814-1,33-waitforsomething-1,
3812-1-1,3812-1,protoeasternoceanic-putdownplace-2,geraghty1990
3812-1-2,3812-1,44-toputplace-2,
3812-1-3,3812-1,3-putplaceappoint-1,
3812-1-4,3812-1,14-toputbury-1,
3812-1-5,3812-1,12-putkeep-1,
3815-1-1,3815-1,12-placenta-1,
3815-1-2,3815-1,uraustronesisch-afterbirth-1,
3823-1-1,3823-1,33-goatfishparupeneusindicus-1,
3826-1-1,3826-1,protopolynesian-stakepost-1,pollex[tia.1a]
3826-1-2,3826-1,protopolynesian-toguard-1,pollex[tiaki]
3826-1-3,3826-1,uraustronesisch-stakepost-1,
3827-1-1,3827-1,4-growingtipofatree-1,
3830-1-1,3830-1,11-onesmother-1,
3831-1-1,3831-1,protooceanic-toroast-1,
3831-1-2,3831-1,8-towarmfoodupagain-1,
3831-1-3,3831-1,protopolynesian-cookonopenfire-1,pollex[tunu]
3831-1-4,3831-1,42-tocookespeciallybyboiling-1,
3831-1-5,3831-1,44-toburnonafireroastonembers-1,
3831-1-6,3831-1,3-markblotorcicatricecausedbyburning-1,
3831-1-7,3831-1,12-cookvegetablesbysteaminginaleafpluggedbamboo-1,
3831-1-8,3831-1,13-toburnofaburn-1,
3831-1-9,3831-1,13-hottaro-1,
3831-1-10,3831-1,uraustronesisch-toroast-1,
3831-2-1,3831-2,13-tosinge-1,
3833-1-1,3833-1,13-topeeraroundorafterwithoutbeingseen-1,
3834-1-1,3834-1,10-simplymerelyonlyjust-1,
3834-1-2,3834-1,10-inspectorexaminesomethingcarefully-1,
3834-1-3,3834-1,11-topointhint-1,
3834-1-4,3834-1,11-pointathintatsomething-1,
3834-2-1,3834-2,protoeasternoceanic-point-1,geraghty1983
3834-2-2,3834-2,protopolynesian-topointorface-1,pollex[tusi.1]
3834-2-3,3834-2,44-topointorface-1,
3834-2-4,3834-2,3-topointorface-1,
3834-2-5,3834-2,2-topointorface-1,
3834-2-6,3834-2,13-topointorface-1,
3835-1-1,3835-1,45-toaskfromwhichcouldbederivedapassiveaisai-1,
3838-1-1,3838-1,4-verticalrafter-1,
3842-1-1,3842-1,56-walkingstick-1,
3841-1-1,3841-1,44-windtoblowaloan-1,
3841-1-2,3841-1,14-windtoblow-1,
3841-1-3,3841-1,3-asouthwind-1,
3845-1-1,3845-1,10-toboxtofightwiththefists-1,
3844-1-1,3844-1,8-sugarcane-1,
3844-1-2,3844-1,51-presumablyaloan-1,
3844-2-1,3844-2,17-probablyaloan-1,
3848-1-1,3848-1,55-poundbeathithammer-1,
3848-1-2,3848-1,56-pestlebetelnutpounder-1,
3849-1-1,3849-1,11-youngshoottosprout-1,
3849-1-2,3849-1,11-befullofshootscoveredwithsprouts-1,
3849-2-1,3849-2,protoeasternoceanic-tarosucker-1,geraghty1983
3849-2-2,3849-2,8-bananaortarosucker-1,
3849-2-3,3849-2,protopolynesian-youngshoot-1,pollex[suli]
3849-2-4,3849-2,uraustronesisch-sproutshoot-1,
3852-1-1,3852-1,8-post-1,
3852-1-2,3852-1,uraustronesisch-housepost-1,
3855-1-1,3855-1,55-tipofacanoepaddleiedrippoint-1,
3855-1-2,3855-1,33-totrickle-1,
3856-1-1,3856-1,17-fingertoe-1,
3856-1-2,3856-1,11-topointout-1,
3856-1-3,3856-1,11-topointathintat-1,
3857-1-1,3857-1,10-stand-1,
3857-1-2,3857-1,10-standup-1,
3861-1-1,3861-1,8-poolofwaterbathinghole-1,
3862-1-1,3862-1,17-tobeachcanoeorvessel-1,
3865-1-1,3865-1,protoeasternoceanic-fart-1,geraghty1983
3865-1-2,3865-1,8-fart-1,
3865-1-3,3865-1,44-fart-1,
3865-1-4,3865-1,2-fart-1,
3865-1-5,3865-1,12-fart-1,
3865-2-1,3865-2,protomalayopolynesian-stench-1,blust1980[51]
3865-2-2,3865-2,protoeasternoceanic-makeahissingnoise-1,geraghty1990
3866-1-1,3866-1,8-dripdropofliquids-1,
3866-1-2,3866-1,2-topour-1,
3866-1-3,3866-1,12-dripthroughleakthrough-2,
3866-1-4,3866-1,uraustronesisch-spurtsquirt-1,
3870-1-1,3870-1,8-totryhardtodoorgetsomething-1,
3872-1-1,3872-1,uraustronesisch-moisten-1,
3872-1-2,3872-1,44-tosoakintobeabsorbedinliquid-1,
3872-1-3,3872-1,53-soakintosoakup-1,
3872-1-4,3872-1,protomalayopolynesian-sinksubmerge-1,blust1989[131]
3872-1-5,3872-1,protomalayopolynesian-immerse-1,blust1986[29]
3874-1-1,3874-1,11-tosuck-1,
3874-1-2,3874-1,11-tosucksomething-1,
3874-1-3,3874-1,44-tosucksomething-1,
3874-1-4,3874-1,44-sucking-1,
3874-1-5,3874-1,44-toswallow-2,
3874-1-6,3874-1,44-todrink-1,
3874-1-7,3874-1,3-swallow-1,
3874-1-8,3874-1,2-swallow-1,
3874-1-9,3874-1,2-drink-1,
3874-1-10,3874-1,12-swallow-1,
3878-1-1,3878-1,protoeasternoceanic-wade-1,geraghty1990
3878-1-2,3878-1,2-wade-1,
3878-1-3,3878-1,12-wade-1,
3878-1-4,3878-1,13-wade-1,
3882-1-1,3882-1,protomicronesian-two-2,
3882-1-2,3882-1,protomicronesian-twogeneralclassofobjects-2,
3882-1-3,3882-1,protomicronesian-threethreegeneral-2,
3882-1-4,3882-1,protomicronesian-fivefivegeneralfiveanimatefifty-2,
3882-1-5,3882-1,protomicronesian-eighteightgeneral-1,
3882-1-6,3882-1,protocentralmicronesian-ninegeneralclassofthings-2,
3881-1-1,3881-1,17-neck-1,
3881-2-1,3881-2,protooceanic-neck-1,ross1988
3883-1-1,3883-1,16-towhistle-1,
3883-1-2,3883-1,11-whistlewhistleatorto-1,
3883-1-3,3883-1,44-whistle-1,
3883-1-4,3883-1,12-whistle-1,
3883-2-1,3883-2,8-towhistle-1,
3884-1-1,3884-1,10-shaketremble-1,
3884-1-2,3884-1,10-makesomethingshake-1,
3884-1-3,3884-1,13-shakeitasthehead-1,
3886-1-1,3886-1,6-maggot-1,
3886-1-2,3886-1,6-beinfestedwithmaggots-1,
3886-1-3,3886-1,11-maggot-1,
3886-1-4,3886-1,11-infestedwithmaggots-1,
3887-1-1,3887-1,protolakalai-bigold-1,
3894-1-1,3894-1,55-pinchitextractit-1,
3895-1-1,3895-1,protomalayopolynesian-poisonousasasnake-1,blust1986[111]
3895-2-1,3895-2,4-delipiticavine-1,
3895-2-2,3895-2,4-dtrifoliatavine-1,
3895-3-1,3895-3,11-fishwithbowandarrow-1,
3897-1-1,3897-1,11-haulorpullonanet-1,
3898-1-1,3898-1,protooceanic-rain-1,ross1988
3900-1-1,3900-1,44-torubpolish-1,
3900-1-2,3900-1,44-torub-1,
3900-1-3,3900-1,3-torubtheskinaswhenbathing-1,
3900-1-4,3900-1,14-towipeanoint-1,
3900-1-5,3900-1,2-torubgrate-1,
3900-1-6,3900-1,uraustronesisch-torub-1,
3901-1-1,3901-1,8-heartpithofatree-1,
3902-1-1,3902-1,11-akindoftree-1,
3904-1-1,3904-1,10-repeatedtransportation-1,
3904-1-2,3904-1,10-engageincarryingstonesboardsetctoacertainplaceforcollectingthemthere-1,
3904-2-1,3904-2,44-tocarrysuspendedfromthehead-1,
3904-2-2,3904-2,2-tocarrysuspendedfromthehead-1,
3904-2-3,3904-2,12-carryaload-1,
3904-2-4,3904-2,protoeasternoceanic-carry-1,
3904-2-5,3904-2,3-tocarrysomethingonthehead-1,
3904-2-6,3904-2,protonakanai-carryonthehead-1,
3904-2-7,3904-2,protooceanic-carry-1,
3904-2-8,3904-2,uraustronesisch-carry-1,
3905-1-1,3905-1,56-rockbigrock-1,
3905-2-1,3905-2,4-pumicestone-1,
3905-2-2,3905-2,17-pumice-1,
3906-1-1,3906-1,44-legfoot-1,
3906-1-2,3906-1,3-legfoot-1,
3906-1-3,3906-1,14-footleg-1,
3906-1-4,3906-1,12-footbasesourceleg-1,
3908-1-1,3908-1,8-sinew-1,
3908-1-2,3908-1,protopolynesian-veinarterytendonsinew-1,pollex[ua.1]
3908-1-3,3908-1,3-tendonsinewvein-1,
3908-1-4,3908-1,12-bloodvesselvein-1,
3908-1-5,3908-1,13-radialrootsofatree-1,
3908-1-6,3908-1,uraustronesisch-veinsinew-1,
3910-1-1,3910-1,44-theworldalltheislands-1,
3910-1-2,3910-1,2-theinhabitedworldgenerallyalltheknownislands-1,
3913-1-1,3913-1,11-kindoffishwithwhitefat-1,
3915-1-1,3915-1,44-adverbofplacethere-1,
3915-1-2,3915-1,3-outaway-1,
3917-1-1,3917-1,11-erectsetupestablishsomething-1,
3920-1-1,3920-1,14-tobuffetasthewind-1,
3921-1-1,3921-1,13-belike-1,
3922-1-1,3922-1,44-toreturnrelapse-1,
3922-1-2,3922-1,44-tochangealtersomething-1,
3922-1-3,3922-1,3-tochange-1,
3922-1-4,3922-1,3-toexchangesomething-1,
3922-1-5,3922-1,14-toreturngoback-1,
3922-1-6,3922-1,14-toanswersomeone-1,
3922-1-7,3922-1,2-tochangedalter-1,
3922-1-8,3922-1,2-tochangedalterexchangesomething-1,
3922-1-9,3922-1,12-toreturnforsomethingcomebackto-1,
3922-1-10,3922-1,12-toreplacesomething-1,
3922-2-1,3922-2,13-todig-1,
3923-1-1,3923-1,protooceanic-liedown-1,ross1988[462]
3923-1-2,3923-1,44-toliedown-1,
3923-1-3,3923-1,3-liedownsleep-1,
3923-1-4,3923-1,2-liedownrest-1,
3923-1-5,3923-1,12-sleep-1,
3923-2-1,3923-2,8-tolieofthings-1,
3923-2-2,3923-2,8-placewheresomethinglies-1,
3923-3-1,3923-3,uraustronesisch-liedownsleep-1,
3924-1-1,3924-1,33-toflash-1,
3929-1-1,3929-1,17-turnsomethingoverwhichformsadoubletwiththetransitivevariantswiketandwikwetabove-1,
3929-2-1,3929-2,4-toalternateexchangechangeoff-1,
3929-2-2,3929-2,4-taketheplaceofsomethingsucceedsomeone-1,
3929-3-1,3929-3,11-torockorrollofaship-1,
3929-3-2,3929-3,11-rockitmakeitrollchangeitspositionturnitover-1,
3929-3-3,3929-3,8-tochangeturnrevolt-1,
3929-3-4,3929-3,8-turnsomethingover-1,
3929-3-5,3929-3,protopolynesian-touncover-1,pollex[fuke]
3931-1-1,3931-1,11-kindofturtle-2,
3932-1-1,3932-1,11-picktwist-1,
3932-1-2,3932-1,11-grasporholdbetweentwoobjectsandtwist-1,
3935-1-1,3935-1,11-swallowsomething-1,
3935-2-1,3935-2,44-toswallow-1,
3935-2-2,3935-2,3-toswallow-1,
3935-2-3,3935-2,2-toswallow-1,
3935-2-4,3935-2,12-toswallowsomething-1,
3935-2-5,3935-2,protoeasternoceanic-swallow-1,
3935-3-1,3935-3,protooceanic-swallow-1,ross1988
3934-1-1,3934-1,8-toclaspiorowaistband-1,
3934-1-2,3934-1,8-waistband-1,
3937-1-1,3937-1,33-outwards-1,
3938-1-1,3938-1,33-explode-1,
3938-1-2,3938-1,uraustronesisch-inpieces-1,
3941-1-1,3941-1,10-flower-1,
3945-1-1,3945-1,11-net-1,
3946-1-1,3946-1,protoeasternoceanic-blow-1,geraghty1983[153/154]
3946-1-2,3946-1,8-blowwiththemouth-1,
3946-1-3,3946-1,2-toblowblowon-1,
3946-1-4,3946-1,protokimbe-toblow-1,
3946-1-5,3946-1,uraustronesisch-toblow-1,
3946-2-1,3946-2,4-beblownasatrumpet-1,
3946-2-4,3946-2,51-tosoundasaconchshellwhenblowntowhistle-1,
3946-2-5,3946-2,protopolynesian-whistleblowhard-1,pollex[mapu]
3946-2-6,3946-2,13-toblowasaconchshelltoblowsomethingoutofthemouth-1,
3946-3-1,3946-3,44-toblowwiththemouth-1,
3946-3-2,3946-3,3-blowwiththemouth-1,
3946-3-3,3946-3,14-blow-1,
3946-3-4,3946-3,2-toblow-1,
3946-3-5,3946-3,12-blowwithmouth-1,
3946-3-6,3946-3,12-playpanpipes-1,
3946-3-7,3946-3,12-toblowon-1,
3948-1-1,3948-1,33-hermitcrab-1,
3948-1-2,3948-1,16-hermitcrab-1,
3948-1-3,3948-1,12-crab-1,
3953-1-1,3953-1,11-chestbosom-1,
3953-1-2,3953-1,8-trunkofatreeformakingintoacanoe-1,
3953-1-3,3953-1,protoeasternoceanic-belly-1,geraghty1983
3953-1-4,3953-1,44-bellybowelsstomach-1,
3953-1-5,3953-1,53-bellybowelsstomach-1,
3953-1-6,3953-1,14-stomachbelly-1,
3953-1-7,3953-1,2-lap-1,
3953-1-8,3953-1,12-belly-1,
3957-1-1,3957-1,3-torubtheskinaswhenbathing-2,
3957-1-2,3957-1,3-torubsomethingwiththehand-1,
3957-2-1,3957-2,protoeasternoceanic-pourwateronrinse-1,geraghty1990
3959-1-1,3959-1,11-topullout-1,
3959-1-2,3959-1,11-toextractsomethingpullsomethingout-1,
3959-2-1,3959-2,10-engageindrawingforth-1,
3959-2-2,3959-2,10-draworplucksomethingout-1,
3960-1-1,3960-1,56-chickentrap-1,
3961-1-1,3961-1,3-rafter-1,
3964-1-1,3964-1,33-boomsheetsailrope-1,
3964-1-2,3964-1,16-canoelinesheet-1,
3964-1-3,3964-1,8-toblowofthewind-1,
